BONFIRE,,,,,,,
No Clocks Productions Ltd.,Director,,Production Manager,Assistant Directors,Location(s),Key PAs,PC / EC
SL5 D,David Lowery,DGA,PMJohn  Catron,1AD Walter Gasparovic,LM Ann Goobie,OPA Patrick Germain,PC  Byron Fudge
Rate  Sheet A,,,,,,,
"",,,,,ALM Paul Giordano,OPA Natalia Rueda,
2880 Underhill Ave,,,,,,,
"Burnaby,  BC",,,,,,,
V5A 3C5,,,,,,,
Phone: (604)637-0094,,,,,,,
Mar 08 2021 - Jun 30 2021,(OFFICE OPENS NOV 16),,,,,,
Exec.Tom Hammel,,,,,,,
"",,,,,,,
CHANGE OF PACE,,,,,,,
"Change Of Pace Film, Inc",Director,,Production Manager,Assistant Directors,Location(s),Key PAs,PC / EC
SL4 2.03 a)v,Stephen Campanelli,,PMDennis  Swartman,,LM Sinziana Corozel,,PC  Andrea  Agur
Rate  Sheet F,,,,,,,
1845 Camrose Street,,,,,,,
"Penticton, BC",,,,,,,
V2A 3J4,,,,,,,
Phone: (250)493-0220,,,,,,,
Sep  28 2020 - Oct 16 2020,,,,,,,
"",,,,,,,
ELLINGTON,,,,,,,
Swan  Song BC Productions Inc.,Director,,Production Manager,Assistant Directors,Location(s),Key PAs,PC / EC
Over $20M,Ben Cleary,DGA,PMDrew Locke,,LM Terry MacKay,,PC  Rhona Williscroft
Rate  Sheet A,,,,,,,
"",,,UMKate Vanderbyl  Keates,,,,EC  Sandra Ken Freeman
"2400 Boundary Road, Admin Building,",,,,,,,
Upper Floor,,,,,,,
"Burnaby,  BC V5M 3Z3",,,,,,,
ellingtonprod@gmail.com,,,,,,,
Dec 01 2020 - Mar 17 2021,(OFFICE OPENS SEPT  21),,,,,,
Exec.Shea Kammer,Exec.Jonathan King,,Prod.  Adam Shulman,,,,
Prod.  Jacob Perlin,,,,,,,
"HELLO, GOODBYE AND EVERYTHING IN BETWEEN",,,,,,
Hello Goodbye Productions Inc. Director,,Production Manager,Assistant Directors,Location(s),Key PAs,PC / EC
SL4 2.03 a)ii Michael Lewen,DGA,PMJoyce Sawa,1AD Mel Siteman,LM Shawn Flynn,,PC  Ron Pachkowski
Rate  Sheet C,,,,,,
100 - 3705 Willingdon Ave,,,,,,
"Burnaby,  BC V5G 3H3",,,,,,
hgfilm2020@gmail.com,,,,,,
"",,,,,,
Phone: (604)395-1134,,,,,,
"",,,,,,
"",,,,,,
Oct 05 2020 - Nov 09 2020,,,,,,
"",,,,,,
"",,,,,,
"",,,,,,
LOVE HARD,,,,,,
"Love Hard Films Canada,  Inc. Director",,Production Manager,Assistant Directors,Location(s),Key PAs,PC / EC
Over $20M Hernan Jimenez Garcia,DGA,PMSteven St Arnaud,1AD James Bitonti,LM Dan Kuzmenko,OPA Amirtha Venkatesh,PC  Jerami Pergel
Rate  Sheet A,,,,,,
"",,,2AD Ben Cairns,LS Peter Drozdzik,,
2400 Boundary Road,,,,,,
"Burnaby,  BC V5M 3Z3",,,,,,
lovehardproduction@gmail.com,,,,,,
"",,,,,,
Phone: (604)292-8510,,,,,,
Fax:  (604)292-8511,,,,,,
"",,,,,,
"",,,,,,
Oct 05 2020 - Nov 24 2020,,,,,,
"",,,,,,
"",,,,,,
"",,,,,,
SOLITARY,,,,,,
Windor Productions BC Inc. Director,,Production Manager,Assistant Directors,Location(s),Key PAs,PC / EC
SL4 2.03 a)iii Nate Parker,DGA,PMBrian  Parker,1AD Kate Weiss,LM Trevor Brokop,OPA Tyler Heiligsetzer,PC  Lisa Ragosin
Rate  Sheet D,,,,,,
"",,,2AD Roxanne Rejfek,ALM Andrew Bee,,
6952 Merritt Avenue,,,,,,
"",,,,ALM DawneSchabler,,
"Burnaby,  BC V5J 4R6",,,,,,
solitaryoffice@gmail.com,,,,,,
"",,,,,,
Phone: (604)395-1131,,,,,,
"",,,,,,
"",,,,,,
Sep  07 2020 - Oct 16 2020,,,,,,
UNTITLED GRAHAM KING PROJECT,,,,,,
Cold Hut Production ULC. Director,,Production Manager,Assistant Directors,Location(s),Key PAs,PC / EC
Over $20M Nora Fingscheidt,DGA,PMAbraham Fraser,1AD Jim Brebner,LM Michael Farias,OPA Ben Bourgon,PC  Bliss McDonald
Rate  Sheet A,,,,,,
"",,PMJill Christensen,2AD Chad  Belair,ALM Juraj (George) Slivarich,KPA Teresa Weyen  George,
"",,UMRhonda Taylor,2AD Regan Kosior,ALM Nicky Phillips,KPA Janco Mynhardt,
Phone: (604)901-4070,,UMPaul Giordano,3AD Haley Lauten,ALM Jon  Cairns,KPA Montague Rudolph,
Sep  02 2020 - Oct 07 2020,,,,,,
Prod.  Nan Morales,,,,,,
Home Video,,,,,,
A CINDERELLA STORY: STARSTRUCK,,,,,,
"",,,,,,
CCS Productions II Ltd. Director,,Production Manager,Assistant Directors,Location(s),Key PAs,PC / EC
SL4 2.02 b)iii Michelle Johnston,DGA,PMMelissa  Crich,1AD Vincente  Baker,LM Brent Canning,KPA Adam Cartwright,PC  Patrick Tozer
Rate  Sheet D,,,,,,
"",,,2AD Lee Karlovic,ALM Michael McAree,KPA Dean  Karamesinis,
1948 Franklin Street,,,,,,
"",,,3AD Christina  Williams,,KPA Josh Orellana,
"Vancouver, BC",,,,,,
V5L 1R2,,,TAD Chris Ritchie,,,
Phone: (604)255-4666,,,,,,
Fax:  (604)257-4739,,,,,,
Aug 31 2020 - Sep  26 2020,,,,,,
TV Movie,,,,,,
A BRIGHT AND MERRY CHRISTMAS,,,,,,
"",,,,,,
Bright Christmas Productions Ltd. Director,,Production Manager,Assistant Directors,Location(s),Key PAs,PC / EC
SL4 2.02 b)iv Paul Ziller,,PMMichele Futerman,1ADLidia Stante,LM Brian McWha,,PC  Yale Kussin
Rate  Sheet P,,,,,,
"",,,,ALM  Khonrad  Eckert,,
1950 Franklin Street,,,,,,
"Vancouver, BC",,,,,,
V5L1R2,,,,,,
Phone: (604)257-4720,,,,,,
Fax:  (604)257-4739,,,,,,
Sep  14 2020 - Oct 02 2020,,,,,,
A FAMILY THROUGH CHRISTMAS
""
Family Christmas Productions Inc. Director  Production Manager  Assistant Directors Location(s) Key PAs PC / EC
SL4 2.02 a)v PMMandy Spencer-Phillips PC  Jim McKeown
Rate  Sheet Q
601 - 2400 Boundary Road
"Burnaby,  BC V5M 3Z3"
info@familychristmasproductions.
com
""
Phone: (604)628-3150
Fax:  (604)628-3151
""
""
Aug 12 2020 - Sep  01 2020 (WRAPPED)
Exec.Kim Arnott Exec.Ivan Hayden Prod.  Mandy Spencer-Phillips
""
""
""
A SUGAR AND SPICE HOLIDAY
SAS Productions Inc. Director  Production Manager  Assistant Directors Location(s) Key PAs PC / EC
SL4 2.02 a)v Jennifer Liao PMMichelle Samuels PC  Heather Eschuk
Rate  Sheet Q
2484 Renfrew  Street
"Vancouver, BC V5M 3K2"
sugarandspiceholiday@gmail.com
""
Phone: (604)215-1656
""
""
""
Sep  14 2020 - Oct 02 2020
""
Exec.Shawn Williamson Exec.Jamie Goehring Prod.  Kevin Leslie
""
""
""
CHASING WATERFALLS
Refreshing Productions Inc. Director  Production Manager  Assistant Directors Location(s) Key PAs PC / EC
SL4 2.02 a)vi PMNavid Soofi PC  Jeff Desmarais
Rate  Sheet R
3876 Norland Avenue
"Burnaby,  BC V5G 4T9"
novusmow@gmail.com
""
Phone: (604)421-4355
""
""
Aug 17 2020 - Sep  04 2020 (WRAPPED)
"",,,,,,
LOVE AT CEDAR CREEK,,,,,,
CMW Spring  Productions Inc. Director,,Production Manager,Assistant Directors,Location(s),Key PAs,PC / EC
SL4 2.02 a)vi,,PMRichard  Greenhalgh,,,,PC  Tiann Arnault
Rate  Sheet R,,,,,,
201 - 3920 Norland Avenue,,,,,,
"Burnaby,  BC",,,,,,
V5G 4K7,,,,,,
"",,,,,,
Phone: (604)873-1100,,,,,,
"",,,,,,
"",,,,,,
Aug 20 2020 - Sep  04 2020 (WRAPPED),,,,,,
Prod.  Gilles Laplante,,,,,,
"",,,,,,
"",,,,,,
"",,,,,,
LOVE ON THE VINE,,,,,,
CMW Summer Productions Inc. Director,,Production Manager,Assistant Directors,Location(s),Key PAs,PC / EC
SL4 2.02 a)vi,,PMRobert  Bricker,,,,PC  Hanna Vorlicek
Rate  Sheet R,,,,,,
201 - 3920 Norland Avenue,,,,,,
"Burnaby,  BC",,,,,,
V5G 4K7,,,,,,
Canada,,,,,,
"",,,,,,
Phone: (604)873-1100,,,,,,
"",,,,,,
"",,,,,,
Aug 17 2020 - Sep  01 2020 (WRAPPED),,,,,,
Prod.  Gilles Laplante,,,,,,
"",,,,,,
"",,,,,,
LOVE STORIES IN SUNFLOWER VALLEY,,,,,,
CMW Summer Productions Inc. Director,,Production Manager,Assistant Directors,Location(s),Key PAs,PC / EC
Rate  Sheet R Robert  Lieberman,,PMChristopher Langford,1AD Michael Bishop,LM Al Dales,KPA Livio Maynard,PC  Jo Boukabous
201 - 3920 Norland Avenue,,,,,,
"",,,2AD Kevin D. Royce,ALM Brendon Olsen,KPA Tanya  Stipica,
"Burnaby,  BC V5G 4K7",,,,,,
"",,,3AD Qwilleran Lake,TAL Christopher-James Jeffrey,,
reeloneproductionoffice@gmail.com,,,,,,
"",,,,,,
Phone: (604)873-1100,,,,,,
"",,,,,,
"",,,,,,
Sep  08 2020 - Sep  23 2020,,,,,,
Prod.  Gilles Laplante,,,,,,
NEVER KISS A MAN IN A CHRISTMAS SWEATER,,,,,,,
Christmas Sweater Productions Inc. Director  Production Manager,Assistant Directors,,Location(s),,Key PAs,,PC / EC
SL4 2.02 a)v Allan Harmon  PMJohn  Prince,1AD Sirish Harman,,LM Jack Veldhuis,,KPA Ali Ibrahim,Permit,PC  Jim McKeown
Rate  Sheet Q,,,,,,,
"",2AD Andrew Otter Niiranen,,ALM Wayne Toews,,KPA Michael Lorman,Permit,EC  La Hilts
601 - 2400 Boundary Road,,,,,,,
"",3AD Rob Guthrie,,TAL Alex Siroshtan,,KPA Jason Pratt,Permit,
"Burnaby,  BC V5M 3Z3",,,,,,,
Calsey Diggens info@christmassweaterproductions.,TAD,,,,,,
com,,,,,,,
"",,,,,,,
Phone: (604)628-3150,,,,,,,
Fax:  (604)628-3151,,,,,,,
"",,,,,,,
"",,,,,,,
"",,,,,,,
Sep  08 2020 - Sep  28 2020,,,,,,,
"",,,,,,,
Exec.Kim Arnott Exec.Ivan Hayden Prod.  John  Prince,,,,,,,
"",,,,,,,
"",,,,,,,
"",,,,,,,
ROMANCE AT CRYSTAL COVE,,,,,,,
CMW Summer Productions Inc. Director  Production Manager,Assistant Directors,,Location(s),,Key PAs,,PC / EC
SL4 2.02 a)vi Nicole Leier  PMCosta Vassos,1AD Angel Christo,,LM Cheryl Uphill,,KPA Tawni Duhamel,Local,PC  Hanna Vorlicek
Rate  Sheet R,,,,,,,
"",2AD Jean-Christophe Castell,,ALM Jacob Wideman,Local,KPA Elle Mack,Local,
201 - 3920 Norland Avenue,,,,,,,
"",3AD Jarrad Bowe,,,,KPA Jordan Marlin,Local,
"Burnaby,  BC V5G 4K7",,,,,,,
cmwkelownacove@gmail.com,,,,,,,
"",,,,,,,
Phone: (604)873-1100,,,,,,,
Fax:  (604)457-1446,,,,,,,
"",,,,,,,
"",,,,,,,
Sep  03 2020 - Sep  19 2020 (SHOOTING IN KELOWNA),,,,,,,
Exec.Gilles Laplante Prod.  Costa Vassos,,,,,,,
"",,,,,,,
"",,,,,,,
"",,,,,,,
THE CHRISTMAS DOCTOR,,,,,,,
Help Road Productions Ltd. SL4 Director  Production Manager,Assistant Directors,,Location(s),,Key PAs,,PC / EC
2.02 a)iv Kevin Fair  PMGeoff Dodd,,,,,,,PC  Patrick Tozer
Rate  Sheet P,,,,,,,
1950 Franklin Street,,,,,,,
"Vancouver, BC V5L",,,,,,,
1R2,,,,,,,
"",,,,,,,
Phone: (604)257-4720,,,,,,,
Fax:  (604)257-4739,,,,,,,
"",,,,,,,
"",,,,,,,
Sep  21 2020 - Oct 09 2020,,,,,,,
"",,,,,,,,
THE CHRISTMAS HOUSE,,,,,,,,
Swift Productions Ltd.  Director,,Production Manager,Assistant Directors,Location(s),,Key PAs,,PC / EC
"",,PMAllen Lewis,,,,,,PC  Miles Gorovich
SL4 2.02 a)iv,,,,,,,,
Rate  Sheet P,,,,,,,,
100-771 Vernon Avenue,,,,,,,,
"Victoria, BC V8X",,,,,,,,
5A7,,,,,,,,
"",,,,,,,,
Phone: (778)265-7007,,,,,,,,
"",,,,,,,,
"",,,,,,,,
Sep  14 2020 - Oct 02 2020,,,,,,,,
"",,,,,,,,
"",,,,,,,,
"",,,,,,,,
THE CHRISTMAS RING,,,,,,,,
Norland Productions Inc. Director,,Production Manager,Assistant Directors,Location(s),,Key PAs,,PC / EC
SL4 2.02 a)vi Troy Scott,,PMDarren  Robson,1AD Ken Shane,LM Sarah Done,,KPA Rhys Davies,Permit,PC  Jeff Desmarais
Rate  Sheet R,,,,,,,,
"",,,2AD Claude Pavel,ALM Boris Detvaj,,KPA Alex Judd,Permit,
3876 Norland Avenue,,,,,,,,
"",,,3AD Danilo Jurisich,,,KPA Justin  Weiss,Permit,
"Burnaby,  BC V5G 4T9",,,,,,,,
novusmow@gmail.com,,,,,,,,
"",,,,,,,,
Phone: (604)421-4355,,,,,,,,
"",,,,,,,,
"",,,,,,,,
Aug 25 2020 - Sep  11 2020,,,,,,,,
"",,,,,,,,
"",,,,,,,,
"",,,,,,,,
THE CHRISTMAS WALTZ,,,,,,,,
Waltz Productions Inc. Director,,Production Manager,Assistant Directors,Location(s),,Key PAs,,PC / EC
SL4 2.02 a)iv Michael Damian  Weir,DGA,PMJacquelyn Renner,1AD Paul Turner,LM Christina  Ollson,,,,PC  Joey  Setter
Rate  Sheet P,,,,,,,,
"",,,2AD Andy Wong,ALM Dan Moore,,,,
2400 Boundary Road,,,,,,,,
"",,,3AD Justine Roy-Benard,LS Julia Ivanova,,,,
"Burnaby,  BC",,,,,,,,
Simone Mawson V5M 3Z3,,,TAD Jillian Budac,TAL,,,,
"",,,,,,,,
Phone: (604)628-3090,,,,,,,,
Fax:  (604)628-3091,,,,,,,,
"",,,,,,,,
"",,,,,,,,
Sep  08 2020 - Sep  26 2020,,,,,,,,
Prod.  Rob Lycar,,,,,,,,
THE WENDY WILLIAMS STORY
""
WW productions Ltd. Director  Production Manager  Assistant Directors Location(s) Key PAs PC / EC
SL4 2.02 a)iii PMAllen Lewis LM David Fullerton PC  Genessa Davis
Rate  Sheet O
ALM Arthur Amson
1950 Franklin Street
"Vancouver, BC"
V5L 1R2
""
Phone: (604)257-4720
Fax:  (604)257-4739
""
""
Sep  21 2020 - Oct 23 2020
""
""
""
TIMELESS CHRISTMAS
Timeless Xmas Productions Inc. Director  Production Manager  Assistant Directors Location(s) Key PAs PC / EC
SL4 2.02 a)iv PMRobyn Wiener PC  Heather Eschuk
Rate  Sheet P
2484 Renfrew  Street
"Vancouver, BC V5M 3K2"
timelessxmasmovie@gmail.com
""
Phone: (604)215-1656
""
""
Aug 17 2020 - Sep  04 2020 (WRAPPED)
Exec.Lincoln Lageson Prod.  Shawn Williamson  Prod.  Jamie Goehring
Prod.  Kevin Leslie
""
""
""
UNDER A LOVER'S MOON
CMW Summer Productions Inc. Director  Production Manager  Assistant Directors Location(s) Key PAs PC / EC
Rate  Sheet R Danny J. Boyle  PMRobert  Bricker PC  Hanna Vorlicek
201 - 3920 Norland Avenue
"Burnaby,  BC V5G 4K7"
cmwkelownacove@gmail.com
""
Phone: (604)873-1100
""
""
Sep  21 2020 - Oct 06 2020 (SHOOTING IN KELOWNA)
TV Series,,,,,,
"",,,,,,
A MILLION LITTLE THINGS – SEASON 3,,,,,,
"",,,,,,
Stage 49 Ltd. Director,Production Manager,Assistant Directors,Location(s),Key PAs,,PC / EC
Article 19.10 Nina Lopez  Corrado DGA,PMWayne  Bennett,1AD Ella Kutschera,LM Sean Wolput,OPA Conor Sawyer,,PCLukasz  Madziag
Rate  Sheet I,,,,,,
Tessa Blake  DGA,UMJerry Pender,1AD Caroline  Battista,LM Tracey  Renyard,KPA Sarah Heary,,PCShaun McKinlay
101 - 4200 North Fraser Way,,,,,,
"",,2AD Megan  Malet-Veale,ALM Graysen Sangster,KPA Curt Irish,,ECLisa Ratke
"Burnaby,  BC V5J 5K7",,,,,,
Michael Petzold stage49amlt@gmail.com,,2AD Hannah Kess,ALM John  Dreyer,KPA,,
"",,3AD Tatiana Ragsdale,TAL Jeff Kent,,,
"",,3AD Ross Langill,,,,
"",,TAD Jessica Boddy,,,,
"",,,,,,
Aug 27 2020 - May 17 2021 (RESUMES  & JOB INQUIRIES SHOULD BE EMAILED),,,,,,
"Exec.DJ Nash, Exec.Aaron Kaplan",Exec.Dana  Honor,,,,,
"",,,,,,
Exec.Nina Lopez-Corrado Prod.  Chris Smirnoff,Prod.  Wayne  Bennett,,,,,
"",,,,,,
"",,,,,,
"",,,,,,
ARE YOU AFRAID OF THE DARK?,,,,,,
Are You Afraid Productions Inc. Director,Production Manager,Assistant Directors,Location(s),Key PAs,,PC / EC
SL4 2.01,PMBrian Dick,1AD Richard  Flower,LM Stephen Sangster,OPA Lara Roper,,PC  Craig J. Lane
Rate  Sheet J,,,,,,
"",,2AD Paul Kalkman,ALM John  McIntyre,,,EC  Sara Brown
202 - 4238 Lozells Avenue,,,,,,
"",,,TAL Kelsey  Fonda,,,
"Burnaby,  BC V5A OC4",,,,,,
ayads1prod@gmail.com,,,,,,
"",,,,,,
Phone: (778)309-0970,,,,,,
Fax:  (604)269-4257,,,,,,
"",,,,,,
"",,,,,,
Oct 13 2020 - Dec 18 2020,,,,,,
"",,,,,,
"",,,,,,
"",,,,,,
BATWOMAN – SEASON 2,,,,,,
Renraw Production Services Inc. Director,Production Manager,Assistant Directors,Location(s),Key PAs,,PC / EC
SL4 2.01 Holly Dale,PMAren Ophoff,1AD Michele  Dutka,LM Matthew Hall,OPA Rachel Jones,,PC  Susan Crawford
Rate  Sheet J,,,,,,
"",,1AD Robert  Duncan,LM Janet  McCairns,KPA Cianna Barker,,
8035 Glenwood Drive - 3rd Floor,,,,,,
"",,2AD Laura Poirier,ALM Hayley Read,KPA Breyden Erickson,,
"Burnaby,  BC V3N 5C8",,,,,,
Emma  Meighan womangotham@gmail.com,,2AD Nathan Kay,ALM Steve Sauve,KPA,,
"",,3AD Darryl Merpaw,ALM Keith Lewis,,,
Phone: (604)647-5613,,3AD William Robson,ALM Tammie  Barker,,,
"",,TAD Nicolas Roskams,Permit LS Michael Howorun,,,
"",,,,,,
"",,,TAL Brian Halpin,,,
Sep  03 2020 - May 10 2021,,,,,,
"",,,TAL Amanda Smith,Permit,,
BRENDAR THE BARBARIAN - SEASON 1,,,,,
Barbarian Productions Inc. Director,Production Manager,Assistant Directors,Location(s),Key PAs,PC / EC
Rate  Sheet J,PMRicardo  Plaza-Rosselot,,,,PC  Steven Learmonth
"310 - 555 Brooksbank Avenue, Bldg 10",,,,,
"North Vancouver, BC",,,,,
V7J 3S5,,,,,
"",,,,,
Phone: (604)983-5888,,,,,
Fax:  (604)983-5880,,,,,
"",,,,,
"",,,,,
"",,,,,
Oct 19 2020 - Feb 12 2021,,,,,
"",,,,,
Exec.Mike Mitchell Exec.Drew Massey,,,,,
"",,,,,
"",,,,,
"",,,,,
DAY OF THE DEAD - SEASON 1,,,,,
"DOTD S1 Productions, Inc. Director",Production Manager,Assistant Directors,Location(s),Key PAs,PC / EC
SL4 2.02 c) Steven John  Kostanski,PMDarcy  Wild,1AD Quincy Wheeler-Hendren,LM Paul Lougheed,,PC  Taare Belton-Bodsworth
Rate  Sheet L,,,,,
Jacquie Gould,,1AD Kit Marlatt,ALM Mark Wilmot,,EC  Arlana Green
8 - 3888 North Fraser Way,,,,,
"",,2AD Benjamin  Gardere,TAL James L. Head,,
"Burnaby,  BC",,,,,
V5J 5H6,,3AD Laurent  Piche,,,
DOTDoffice@gmail.com,,TAD Tina Gojun,,,
"",,,,,
Phone: (604)419-0428,,,,,
Fax:  (604)419-0359,,,,,
"",,,,,
"",,,,,
"",,,,,
Sep  14 2020 - Dec 01 2020,,,,,
"",,,,,
Exec.Stan  Spry Exec.Jeff Holland,Exec.Drew Brown,,,,
"",,,,,
Exec.Jed  Elinoff Exec.Scott Thomas,Prod.  Darcy Wild,,,,
"",,,,,
"",,,,,
"",,,,,
DEBRIS - SEASON 1,,,,,
"Almanack Productions, Inc. Director",Production Manager,Assistant Directors,Location(s),Key PAs,PC / EC
SL4 2.01,PMAdrian Cox,1AD Richard  Worden,LM Andrzej Dec-Williams,,PC  Almaz Tadege
Rate  Sheet J,,,,,
"",UMGreg Polak,1AD Bryan Knight,,,PC  Nathan Tichenor
8335 Riverbend Road,,,,,
"Burnaby,  BC",,,,,
V3N 5E7,,,,,
"",,,,,
Phone: (604)674-8462,,,,,
Fax:  (604)674-8463,,,,,
"",,,,,
"",,,,,
Oct 05 2020 - Jan  14 2021,,,,,
"",,,,,,
FAMILY LAW - SEASON 1,,,,,,
FL S1 Productions Inc. Director,Production Manager,Assistant Directors,Location(s),,Key PAs,PC / EC
SL4 2.02 c) Alysse Leite-Rogers,PMNicole Oguchi,1AD Ryan Kosmynka,LM Trevor  Metz,,OPA Dawn Hudson,PC  Anah Teele
Rate  Sheet L,,,,,,
Mathias  Herndl,,1AD Bryan Knight,ALM Bonny Northcott,,KPA Karl  Bahena,EC  Sandra Ken Freeman
5595 Roy St,,,,,,
"",,2AD Karin Behrenz,ALM Ithon Harrison-Jones,,KPA Kiran Mahal,
"Burnaby, BC",,,,,,
V5B 3A5,,2AD Adrian Glass,LS Nick Bergstedt,,KPA Ezekiel (Erik) Wool,
Familylawprod@gmail.com,,3AD Kristy Jelinek,LS Phil Jones,,,
"",,,,,,
Daniele  Simone,,TAD Else Jespersen,TAL,,,
Phone:(604)343-7900,,,,,,
"",,,,,,
"",,,,,,
Jul 20 2020 - Oct 14 2020,,,,,,
Prod.Dave Valleau,,,,,,
"",,,,,,
"",,,,,,
GABBY DURAN AND THE UNSITTABLES - SEASON 2,,,,,,
Havensburg Productions Ltd. Director,Production Manager,Assistant Directors,Location(s),,Key PAs,PC / EC
SL4 2.01,PMMatthew Santoro,Permit 1AD Robert  Weber,LM Peter Pantages,,,PC  Kimberly Goddard-Rains
Rate  Sheet J,,,,,,
"",,1AD Steve Eathorne,ALM Sean Manuel,,,EC  Sara Brown
3171 Lake City Way,,,,,,
"",,2AD Johanne Michel,LS Prince  J. Atkinson,,,
"Burnaby,  BC V5A 3A3",,,,,,
Monika Tomczak gds2office@gmail.com,,3AD,,,,
"",,3AD Taylor Falconer,,,,
"",,TAD Dane  Vanderjagt,,,,
Phone: (604)421-4687,,,,,,
"",,,,,,
Fax:  (604)421-4686,,,,,,
"",,,,,,
"",,,,,,
Sep  29 2020 - Mar 04 2021,,,,,,
Exec.Bridget Hill,,,,,,
Prod.  Colleen  Mitchell,,,,,,
"",,,,,,
"",,,,,,
"",,,,,,
KUNG FU - SEASON 1,,,,,,
3253 Production Services Inc. Director,Production Manager,Assistant Directors,Location(s),,Key PAs,PC / EC
SL4 2.01 Hanelle  Culpepper,DGA PMInes Eisses,1AD Chris Lamb,LM Greg Astop,,OPA Melania Solano,PC  Hannah Lenahan
Rate  Sheet J,,,,,,
"",,2AD Brett McCord,ALM Larissa Craig,,,EC  Sandra Ken Freeman
9110 196A Avenue,,,,,,
"",,3AD Alex Chipera,ALM Kevin Macdonald,,,
"Langley,  BC V1M 3B4",,,,,,
kungfuproductions1@gmail.com,,TAD Sheila  McLennan,TAL Brandon Colbourne,,,
"",,,,,,
Phone: (604)371-1414,,,,,,
Fax:  (604)371-2424,,,,,,
"",,,,,,
"",,,,,,
"",,,,,,
Oct 13 2020 - Apr 20 2021,,,,,,
"",,,,,,
Exec.Greg Berlanti Exec.Christina  Kim,Exec.Martin Gero,,,,,
"",,,,,,
Exec.Sarah Schechter Exec.Hanelle  Culpepper,Prod.  Ian Smith,,,,,
LEGENDS OF TOMORROW - SEASON 6,,,,,
Silverstrand Production Services Inc. Director  Production Manager,Assistant Directors,Location(s),,Key PAs,PC / EC
SL4 2.01 PMCatou  Kearney,1AD Richard  Worden,LM Russell Hamilton,,OPA Benjamin  Poulton,PC  Anita Truelove
Rate  Sheet K,,,,,
"",1AD Bryan Knight,ALM Nigel Williams,,,
200 - 8035 Glenwood Drive,,,,,
"",2AD Sina Nazarian,,,,
"Burnaby,  BC V3N 5C8",,,,,
production@waveriderfilms.com,,,,,
"",,,,,
Phone: (604)639-1855,,,,,
Fax:  (604)540-0960,,,,,
"",,,,,
"",,,,,
Oct 05 2020 - May 10 2021,,,,,
"",,,,,
"",,,,,
MOTHERLAND FORT SALEM - SEASON 2,,,,,
"",,,,,
Bad Angel  Productions Ltd. Director  Production Manager,Assistant Directors,Location(s),,Key PAs,PC / EC
SL4 2.01 Amanda Tapping  PMTim Sereda,1AD Cory Faulkner,LM Kirk Johns,,OPA Victor Martone,PC  Stacey A. Harris
Rate  Sheet J,,,,,
UMJulia Done,1AD Michael Shandley,ALM Kirstie Campbell,,KPA Arth Oro,PC  Jackie Pytel
3500 Cornett  Road  Bld. K,,,,,
UMChris Wilson,2AD Amanda Wowryk,ALM Korey Petrie,,,EC  James Forsyth
"Vancouver, BC",,,,,
"",,,,,
V5M 2H5,2AD Karin Behrenz,ALM Jason  Durocher,,,
"",,,,,
motherlandseason2@gmail.com,3AD Tanya  Steinauer,ALM Jason Liadis,,,
"",,,,,
LS,,Tim Moshansky,,,
Phone: (604)453-4950,,TAL Lily Ditchburn,,,
Fax:  (604)453-4951,,,,,
"",,,,,
"",,,,,
Oct 06 2020 - Mar 12 2021,,,,,
"",,,,,
Exec.Eliot Laurence Exec.Kevin Messick  Exec.Amanda Tapping,,,,,
Prod.  Tracey  Jeffrey,,,,,
"",,,,,
"",,,,,
"",,,,,
NANCY DREW - SEASON 2,,,,,
Ultra Productions Inc. Director  Production Manager,Assistant Directors,Location(s),,Key PAs,PC / EC
SL4 2.01 PMLucy MacLeod,,,,,PC  Simon Guérette-Langlais
Rate  Sheet J,,,,,
210 - 555 Brooksbank Avenue  Bld. 10,,,,,
"North Vancouver, BC V7J 3S5",,,,,
nancydrewprodoffice@gmail.com,,,,,
"",,,,,
Phone: (604)983-5544,,,,,
Fax:  (604)983-5542,,,,,
"",,,,,
"",,,,,
Sep  29 2020 - Apr 29 2021,,,,,
RESIDENT ALIEN - SEASON 1
""
GEP Resident Inc. Director  Production Manager  Assistant Directors Location(s) Key PAs PC / EC
SL4 2.01 Shannon Kohli PMBradley  Jubenvill 1AD JodyRyan LM Ken Brooker  OPA Saugat Datta PC  Laurie Kean
Rate  Sheet J
Robert  Duncan McNeill DGA UMMary Jo Beirnes 2AD Gurjit  Chohan ALM Kevin McLean
1440 Derwent  Way
TAL Karthik Chatapuram
"Delta, BC V3M 6H9"
residentalienoffice@gmail.com
""
Phone: (604)449-3601
""
""
""
Sep  10 2020 - Oct 14 2020
""
Exec.Chris Sheridan Exec.Robert  Duncan McNeill Exec.Robert  Petrovicz
""
""
""
RIVERDALE - SEASON 5
"Shadow Lake Films,  A Division of Director  Production Manager  Assistant Directors Location(s) Key PAs PC / EC"
Adjacent Production Services Inc. PMTanja Knight 1AD Julia Bettencourt LM Sheri Mayervich OPA Michael Graham PC  Shalia  Edl
SL4 2.01
UMMarian Koprada 2AD Martin Ellis LM Mike Bogdanovic OPA Emilie Sonego
Rate  Sheet K
ALM Angela Rice
2 - 20146  100A Avenue
"Langley,  BC V1M 3G2 ALM Connor  Rielly"
riverdaleprodoffice@gmail.com LS Malissa  K. Katrynuk
TAL Katrina Anderson
""
Phone: (778)298-6344
Fax:  (778)298-6346
""
""
Sep  14 2020 - May 01 2021
""
""
""
SUPER PUPS - SEASON 1
Zeta Productions Inc. Director  Production Manager  Assistant Directors Location(s) Key PAs PC / EC
SL4 2.01 Robert  Vince PMRita Picard 1AD Joanne Gerein LM Nathan Lomax OPA Sarena Gulseren Local PC  Terri Garbutt
Rate  Sheet R+Concessions
"Anna McRoberts Block A-400, 2261 Keating X Road 2AD Mark Herfindahl ALM Scott Brown KPA Michael Dennison EC  Erin Fikowski"
3AD Andrew Armour TAL Lindsay Ashby KPA Leah Larocke Local
"Saanichton, BC V8Z 5T1"
Local office@superpupsprod.com3AD Eileen Dooley KPA Derek Van Dusen
""
Phone: (778)426-0916
""
""
""
Aug 17 2020 - Oct 02 2020
""
Exec.Robert  Vince Exec.Anna McRoberts Prod.  Joanne Gerein
"",,,,,,,
SUPERGIRL - SEASON 6,,,,,,,
137 Production Services Inc. Director,,,Production Manager,Assistant Directors,Location(s),Key PAs,PC / EC
SL4 2.01 Jesse Warn,,DGA,PMJennifer Carpenter Hernandez,1AD Robert  Crippen,,,PC  Hudson Cooley
Rate  Sheet K,,,,,,,
Unit 1 - 20146  100A Avenue,,,,,,,
"Langley,  BC V4N 5X5",,,,,,,
supergirl@137production.com,,,,,,,
"",,,,,,,
Phone: (604)371-2614,,,,,,,
Fax:  (604)371-2621,,,,,,,
"",,,,,,,
"",,,,,,,
Sep  28 2020 - Apr 05 2021,,,,,,,
"",,,,,,,
"",,,,,,,
"",,,,,,,
SUPERMAN & LOIS - SEASON 1,,,,,,,
Manly Shore Production Services Inc. Director,,,Production Manager,Assistant Directors,Location(s),Key PAs,PC / EC
SL4 2.01 Lee Toland Krieger,,DGA,PMDonald Munro,1AD Gordon  MacDonald,LM William Burns,OPA Jed  Gardner,PC  Andy Hoang
Rate  Sheet J,,,,,,,
"",,,UMJames Gardiner,1AD Ian Samoil,ALM Mike Scorgie,KPA Joe  Tolosa,EC  Sandra Ken Freeman
13480  Crestwood Place,,,,,,,
"Richmond, BC V6V 2K1",,,,,,,
snlproductionoffice@gmail.com,,,,,,,
"",,,,,,,
Phone: (866)521-1239,,,,,,,
"",,,,,,,
"",,,,,,,
"",,,,,,,
Oct 13 2020 - May 01 2021,,,,,,,
"",,,,,,,
Exec.Greg Berlanti Exec.Sarah Schechter,,,Exec.Todd Helbing,,,,
Prod.  Louis Milito,,,,,,,
"",,,,,,,
"",,,,,,,
"",,,,,,,
SUPERNATURAL - SEASON 15,,,,,,,
Supernatural 5 Films Inc. Director,,,Production Manager,Assistant Directors,Location(s),Key PAs,PC / EC
Robert  Singer,,DGA,PMCraig Matheson,1AD Kevin Parks,LM Shane C. Lennox,OPA Paige Mulaner-Hamilton,PC  Jason Fischer
SL4 2.01,,,,,,,
"",,,,2AD Debra  Herst,ALM Brent McCorkle,KPA Krystal Kreye,EC  La Hilts
Rate  Sheet K,,,,,,,
"",,,,3AD Emma  Bartley,TAL Taylor Price,KPA Michelle Tomney,
8085 Glenwood Drive,,,,,,,
"Burnaby,  BC V3N 5C8",,,,3AD H. Jay Julier,,KPA Anthony Wittrock,
supernaturalfilms@gmail.com,,,,TAD Jaime Sambell,,,
"",,,,,,,
Phone: (604)529-1466,,,,,,,
Fax:  (604)529-1444,,,,,,,
"",,,,,,,
"",,,,,,,
Aug 18 2020 - Sep  11 2020,,,,,,,
THE ASTRONAUTS - SEASON 1
""
Above The Moon Production Inc. Director  Production Manager  Assistant Directors Location(s) Key PAs PC / EC
SL4 2.01 Marcus  Stokes DGA PMIan Birkett 1AD Matthew Murphy OPA Katie Affleck PC  Jill McQueen
Rate  Sheet J
Dean  Israelite  DGA UMNeale  Joudrie 1AD Carl Mason KPA Jose Luis Gutierrez EC  Sandra Ken Freeman
7588 Winston Street
2AD Jeremy Poitras KPA Masha Jenkins
"Burnaby,  BC V5A 4X5"
KPA abovethemoonproductions@gmail. 2AD Rosalee Yagihara Stan  O'Connell
com 3AD Kendall Gawryluk
3AD Clayton  A. Durie
""
Phone: (604)449-3266
""
""
""
Aug 04 2020 - Sep  18 2020
""
Exec.Brian Grazer Exec.Ron Howard  Exec.Stephanie Sperber
""
Exec.Daniel Knauf  Exec.Dean  Israelite  Prod.  Jim O'Grady
""
""
""
THE BIG SKY - SEASON 1
Big Sky 1 North Productions Inc. Director  Production Manager  Assistant Directors Location(s) Key PAs PC / EC
Article 19.10 William Paul Mcguigan  DGA PMChristina  Toy 1AD Greg ZenonLM Rino Pace OPA Jeremy Lefebvre PC  Corine Buffel
Rate  Sheet H
UMAshley Bell 2AD Charles Collins Brad  Medhurst ALM JasonCollier KPA
803 - 19055  Airport Way
2AD ALM Sean Finnan KPA Olivier Lefebvre
"Pitt Meadows, BC Tessa Mol"
V3Y 0G4 3AD Michelle Stefani Matthew Johnson TAL Tucker Rolfe KPA
TAD
Stephen Ostir
""
Phone: (604)674-8196
""
""
""
Aug 27 2020 - Jan  13 2021
""
Exec.Matthew Gross Exec.Ross Fineman
""
""
""
THE FLASH - SEASON 7
Water Tower Production Services Inc. Director  Production Manager  Assistant Directors Location(s) Key PAs PC / EC
SL4 2.01 PMBrent Crowell PC  Lukia Czernin
Rate  Sheet K
3500 Cornett  Road  Bld. C
"Burnaby,  BC"
V5M 2H5
production@theflashoffice.com
""
Phone: (604)453-4980
Fax:  (604)453-4981
""
""
Oct 01 2020 - May 19 2021 (OFFICE OPENS SEPT  18)
THE GOOD DOCTOR - SEASON 4
""
Pico  Productions (BC) Limited Director  Production Manager  Assistant Directors Location(s) Key PAs PC / EC
SL4 2.01 Mike Listo DGA PMPaul Lukaitis 1AD Tim Whyte LM Michael Roberts OPA Charlotte Milne Permit PC  Tim Smith
Rate  Sheet K
1AD Gary Hawes ALM Derek Sutherland KPA Marc Laviolette EC  Sandra Ken Freeman
2400 Boundary Road
2AD Joel Ferguson ALM Brendan O'Connell KPA Holly Neilson
"Burnaby,  BC V5M 3Z3"
Tessa Irwin gooddoctorprodoffice@gmail.com 3AD
3AD Jasmin Medew
TAD Chloe Morris
Phone: (604)292-5150
Fax:  (604)292-5151
Sep  02 2020 - May 28 2021
Prod.  Shawn Williamson
TWO SENTENCE HORROR STORIES - SEASON 2
""
Angelevine Productions Inc Director Production Manager Assistant Directors Location(s) Key PAs PC / EC
SL4 2.01 PMCrystal Remmey 1ADDave Nall LM David Angelski PC  Ally Kimura
Rate  Sheet J
2AD Jus  Percy
22366  119 Avenue
"Maple Ridge,  BC"
V2X 2Z3
Phone: (604)248-4775
Oct 05 2020 - Dec 18 2020
""
VAN HELSING - SEASON 5
Helsing S5 Productions Inc. Director  Production Manager  Assistant Directors Location(s) Key PAs PC / EC
SL4 2.02 c) Michael Nankin  PMChris Rudolph 1AD Kit Marlatt  LM Dan Carr KPA Alisha Thomas PC  Nancy Mckenzie
Rate  Sheet M+Concessions
2AD Morag Desormeaux Andrew Pavel  ALM Carissa Roseborough KPA
780 Beatty Street
3AD TAL Nathan Jean KPA Keegan Olson
"Vancouver, BC Faedra Mirhashemy"
V6M 2M1 TAD Emily Viglas
helsings5office@gmail.com
Phone: (604)395-1135
""
Jun 29 2020 - Sep  18 2020
""
Exec.Chad  Oakes Exec.Michael Frislev  Exec.Jonathan Lloyd Walker
WHEN CALLS THE HEART - SEASON 8,,,,,,,
WCTH 8 Productions Inc. Director  Production Manager,Assistant Directors,Location(s),Key PAs,,,,PC / EC
SL4 2.01 Peter DeLuise PMMichael  Magnusson,1AD Bill Mizel,LM David Fullerton,OPA Tara Lynch,,,,PC  Michael Lien
Rate  Sheet K,,,,,,,
Mike Rohl,1AD Grant O'Kane,,KPA Anil Contractor,,,,EC  Sara Brown
2939 Bainbridge Avenue,,,,,,,
"",2AD Shane West,,KPA Nick Wilkinson,,,,
"Burnaby,  BC V5A 2S9",,,,,,,
Jenna Jankowiak production@wcthprods.com,3AD Andrew Tran,,KPA,,Permit,,
"",3AD Petra Macklam-Harron,,,,,,
"",,,,,,,
Phone: (604)420-2006,,,,,,,
"",,,,,,,
"",,,,,,,
"",,,,,,,
Jul 27 2020 - Nov 17 2020,,,,,,,
"",,,,,,,
Prod.  Vicki Sotheran Prod.  Greg Malcolm,,,,,,,
"",,,,,,,
"",,,,,,,
ZOEY'S EXTRAORDINARY PLAYLIST – SEASON 2,,,,,,,
Zoey Productions ULC. Director  Production Manager,Assistant Directors,Location(s),Key PAs,,,,PC / EC
Article 19.10 John  Terlesky  DGA PMJacqueline Nguyen,1AD Pascal Elissalde,LM Michael LeGresley,OPA Kaileigh Coles,,,,PC  Alex Voong
Rate  Sheet H,,,,,,,
UMJohn  Hall,2AD Rosalee Yagihara,ALM Debra  Beaudreau,KPA Anastasiia Duniaka,,Permit,,EC  Sandra Ken Freeman
12211  Horseshoe Way,,,,,,,
"",,ALM Jamie Skelton,KPA Simon Isbister,,Permit,,
"Richmond, BC V7A 4V4",,,,,,,
Permit zoeyprod@gmail.com,,ALM Meggen Balzer,KPA Keegan Letourneau,,,,
"",,TAL Chelsea Petsche,,,,,
"",,,,,,,
Phone: (778)663-5049,,,,,,,
"",,,,,,,
"",,,,,,,
Sep  21 2020 - Mar 31 2021,,,,,,,
Prod.  Michele Greco,,,,,,,
"",,,,,,,
"",,,,,,,
TV Series/New Media,,,,,,,
"",,,,,,,
ANOTHER LIFE - SEASON 2,,,,,,,
Another  Life 1 Productions Inc. Director  Production Manager,Assistant Directors,Location(s),Key PAs,,,,PC / EC
Kellie Cyrus  DGA PMPeter Whyte,1AD Arlene Arnold,LM Monty Bannister,OPA Julian Groll,,Permit,,PC  Melyssa Rose
SL5 D,,,,,,,
Shannon Kohli,1AD Mark Currie,ALM Joshua Pickens,KPA Rafe Larsen,,,,EC  Sara Brown
SL5D - J,,,,,,,
"",2AD Jason Rowdy Rody,ALM Jacob Horvath,KPA Janos Molnar,,,,
9390 - 198th Street,,,,,,,
"Langley,  BC",2AD Cindy Smith,LS James Giddy,KPA Kevin Robinson,,Permit,,
V1M 3C8,3AD Marc Generoso,TAL Andrew Suttar,,,,,
Canada,TAD Kira E. Swan,,,,,,
anotherlifes2office@gmail.com,,,,,,,
"",,,,,,,
Phone: (604)546-0657,,,,,,,
Fax:  (604)888-341,,,,,,,
"",,,,,,,
"",,,,,,,
Aug 28 2020 - Nov 24 2020,,,,,,,
Prod.  Justis Greene,,,,,,,
HOME BEFORE DARK - SEASON 2,,,,,,,,,
Marathon Park Productions Ltd. Director,,Production Manager,Assistant Directors,Location(s),Key PAs,,,,PC / EC
SL5 D Myron Kerstein,DGA,PMCraig Forrest,1AD Marijke Richman,LM Kent Sponagle,OPA Brooke Allan,,,,PC  Mark Tachovsky
SL5D - H,,,,,,,,,
"",,UMKyle McCachen,1AD Sarah Hansen,LM Amanda Hanson,,,,,
22031  Fraserwood Way,,,,,,,,,
"",,,2AD Chris Garbasauskas,ALM Julia Ghersini,,,,,
"Richmond, BC V6W 1J5",,,,,,,,,
Kyle Sevier hbdprod2019@gmail.com,,,2AD Blake Banbury,ALM,,,,,
"",,,3AD Daniel Dornbierer,LS Jenna-Lee Perkins,,,,,
"",,,3AD Robyn Ledoux,TAL Graham Bannerman,,,,,
Phone: (778)663-5018,,,,,,,,,
"",,,3AD Danilo Jurisich,,,,,,
"",,,,,,,,,
"",,,TAD Nicholas  Mani-Flower,,,,,,
Sep  14 2020 - Dec 28 2020,,,,,,,,,
Prod.  Connie  Dolphin,,,,,,,,,
"",,,,,,,,,
"",,,,,,,,,
"",,,,,,,,,
LOST IN SPACE - SEASON 3,,,,,,,,,
Mayflower Productions Inc. Director,,Production Manager,Assistant Directors,Location(s),Key PAs,,,,PC / EC
SL5 D Frederick E. Toye,DGA,PMLauren  Stope,1AD Warren  Hanna,LM JohnAlexander,OPA Tiffany Ainsworth,,,,PC  Mara Perez
SL5D - I,,,,,,,,,
Kevin Sullivan,DGA,,1AD Daniel  Miller,ALM Robin Macdonald,KPA Alexander Gibson,,Permit,,
"2400 Boundary Road  3rd Floor, Bldg. 7",,,,,,,,,
"",,,1AD Dan Mansfield,TAL John  Zenovitch,KPA Aaron Mou,,Permit,,
"Burnaby,  BC V5M 3Z3",,,,,,,,,
Permit lis3productionoffice@gmail.com,,,2AD Florian Halbedl,,KPA Valentin Moulias,,,,
"",,,,,,,,,
"",,,2AD Madeline  Snetsinger,,,,,,
"",,,2AD Bryant Marshall,,,,,,
Phone: (604)292-8310,,,,,,,,,
Fax:  (604)292-8311,,,3AD Chelsea Colquhoun,,,,,,
"",,,3AD Daniel Crow,,,,,,
"",,,,,,,,,
Sep  09 2020 - Jan  14 2021,,,TAD Elise Mortyr,Permit,,,,,
"",,,,,,,,,
Exec.Brad Van Arragon,,,,,,,,,
Prod.  Warren  Hanna,,,,,,,,,
"",,,,,,,,,
"",,,,,,,,,
"",,,,,,,,,
MAID - SEASON 1,,,,,,,,,
BL Buster Production Services Inc Director,,Production Manager,Assistant Directors,Location(s),Key PAs,,,,PC / EC
SL5 D John  Wells,DGA,PMGenevieve Bridges,1AD Shamess A Shute,LM Paul Russell,OPA Marley Sterner,,Local,,PC  Michele Picard
SL5D - H,,,,,,,,,
"",,UMEmely Martin,2AD Clea Mihalik,ALM Haley Jenkins,,,,,
2340 Richmond Road,,,,,,,,,
"",,,,ALM Alex Rowley,,,,,
"Victoria, BC V8R 4R9",,,,,,,,,
John  Mio maidprodofficeseason1@gmail.com,,,,LS,,,,,
"",,,,TAL Leif Langvand,,,,,
"",,,,,,,,,
Phone: (778)265-5400,,,,,,,,,
"",,,,,,,,,
"",,,,,,,,,
"",,,,,,,,,
Sep  24 2020 - Mar 04 2021,,,,,,,,,
"",,,,,,,,,
Exec.John  Wells Exec.Molly Smith Metzler,,Prod.  Bonnie Benwick,,,,,,,
MIDNIGHT MASS – SEASON 1
""
Up Above Productions ULC. Director  Production Manager  Assistant Directors Location(s) Key PAs PC / EC
SL5 D Mike Flanagan DGA PMChad  Fitz 1AD Morgan  Beggs LM Neil Robertson OPA Whitney Lee PC  Connor  Tkachuk
SL5D - H
UMJenna Irvine 2AD Callie Porterfield LM Otto Mak KPA Erica Thumm
2400 Boundary Road  Bld. 7
3AD Aimee Scott ALM Jeremy Kulyk KPA Cheng (Sherry)  Rui Yu
"Burnaby,  BC"
V5M 3Z3 TAD Michael Sammut ALM Mathew Jacinto-Uhrik KPA Ayana Wheeler Permit
TAD Candice Straza TAL Sarah Shaw
""
Phone: (604)292-5010
Fax:  (604)292-5011
""
""
Aug 17 2020 - Dec 15 2020
Prod.  Kathy Gilroy
""
""
MYSTERIOUS BENEDICT SOCIETY - SEASON 1
MBS TV Productions Ltd. Director  Production Manager  Assistant Directors Location(s) Key PAs PC / EC
SL5 D James Bobin  DGA PMCasey Nelson-Zutter 1AD Richard  Coleman LM Scott Walden OPA Eddie Silva PC  Christena L. Zatylny
SL5D - H
1AD Brian Giddens LM Jendrek Kowalski KPA Karissa King
"330 - 555 Brooksbank Avenue, Bldg 9"
2AD Emily Silver ALM Kris Kadzielski KPA Randa Mardelli
"North Vancouver, BC V7J"
3S5 2AD Jason Moskie Liam LS Wayne  McDonell KPA Daniel Weidner
mbstvprods@gmail.com 2AD Powell Matthew
3AD Popp Meaghan
Phone: (604)983-5111 3AD Johnson
Fax:  (604)983-5112 TAD Dominic Dobrzensky
""
""
Aug 26 2020 - Jan  19 2021
""
""
""
PUDDIN - SEASON 1
GEP Puddin  Inc. Director  Production Manager  Assistant Directors Location(s) Key PAs PC / EC
SL5 D PMMichael Potkins 1AD Patrice Leung LM Kirk Adamson OPA Patrick McIlvenna PC  Deana Kittson
SL5D - H
2AD Tammy Tsang ALM Cory  Pioveson EC  Sandra Ken Freeman
3500 Cornett  Road  Bld. B
3AD Kim Tran TAL Taylor Wynker
"Vancouver, BC"
V5M 2H5 3AD Greg Choi TAL Dawn Kearney Permit
puddinproductionoffice@gmail.com TAD Nathan Livramento
""
Phone: (604)453-4910
Fax:  (604)453-4911
""
""
""
Oct 13 2020 - Dec 10 2020
""
Exec.Lorne Michaels Exec.Cinco Paul  Exec.Andrew Singer
""
Exec.Barry Sonnenfeld Prod.  Rose Lam
SEA TO SEA – SEASON 3
""
Sea  to Sea  Productions ULC. Director  Production Manager  Assistant Directors Location(s) Key PAs PC / EC
SL5 C Martin Wood  PMNeil Williams 1AD Riley Walsh LM W. Robert  Millar OPA Sveto  Ristovski PC  Amy Morrison
Rate  Sheet K
UMFiona Winning 1AD Victor Landrie ALM Sean  Grant KPA Djamal Johnson EC  Sara Brown
8825 Northbrook  Court
2AD Ashley  Sawyer ALM Sean McVicar KPA Dylan Rockandel
"Burnaby,  BC V5J 5J1"
Kim Svenningsen production.vrs3@gmail.com 2AD Alex  Tseng ALM Kassandra Rockandel KPA
3AD Kunal Keram LS Pete Tsopeis
3AD Samira Pigeau TAL Steffi Matheos
Phone: (778)357-0814
Fax:  (778)357-0815 TAD John-John Traore
""
""
Aug 25 2020 - Dec 11 2020
Prod.  Ian Hay
""
""
""
THE MIGHTY DUCKS – SEASON 1
Stage 49 Ltd. Director  Production Manager  Assistant Directors Location(s) Key PAs PC / EC
SL5 D Michael Spiller  DGA PMRyan Silva 1AD Shea Rowan LM Ritch  Renaud OPA Allie Wright PC  Bobby Gorman
SL5D - H
Jay Karas  DGA UMJordan Smysnuik 1AD John  Mein ALM Jessica Feskun OPA Rae Owens Permit EC  Sandra Ken Freeman
4210 Phillips Avenue
2AD Kate Gray ALM Jarrod Celuch KPA Josh Kukurudz
"Burnaby,  BC V5A 2Z2"
""
KPA mightyducksyvr@gmail.com 2AD Tessa Mol ALM Kohl Jones Lauri Lehmann-Bernard
""
2AD James Sprott LS Cameron Tremblay KPA Chihiro Okuyama
3AD Phone: (604)566-8320 Nicola Goelle TAL Nicole Morgan
Fax:  (604)677-1859 3AD Joshua Santos TAL Michelle Dotto
TAD Gia Tan
""
Aug 31 2020 - Dec 17 2020 TAD Anya Kapustianyk Permit
""
Prod.  Shawn Williamson
Prod.  Arielle Boisvert
""
""
""
THE POWER - SEASON 1
The Power  (Brightlight) Productions Director  Production Manager  Assistant Directors Location(s) Key PAs PC / EC
Inc. SL5 D Reed Morano  DGA PMDavid Magee LM Robert  Archibald EC  Sandra Ken Freeman
SL5D - J
Ugla Hauksdottir Permit UMDavid Tamkin ALM Alexandria  Gamache
powerprodoffice@gmail.com
TAL Kerry Pearson
""
Phone: (604)292-5220
""
""
Sep  21 2020 - Mar 13 2021
Exec.Shawn Williamson
TURNER & HOOCH - SEASON 1
""
Turner And Hooch TV Productions Director  Production Manager  Assistant Directors Location(s) Key PAs PC / EC
Limited McG DGA PMHans  Dayal 1AD JodyRyan LM Desiree Young OPA Mitchell Stromsten PC  Ellen MacDonald
SL5 D
1AD Steve Webb ALM Quentin  Johnston EC  Andrea  Brown
SL5D - H
2AD Tyra Atkins ALM Dustin Shea
200 - 4084 McConnell Drive
"Burnaby,  BC V5A 3N7 ALM Brendon Rodney"
tandhs1.production@gmail.com TAL Kim Aitken
""
Phone: (604)449-3620
""
""
Sep  22 2020 - Apr 19 2021 (HIATUS OCT 15 - OCT 29)
